Report Number,Agency Name,Report Type
DM8479000T,Takoma Park Police Depart,Property Damage Crash
MCP2970000R,MONTGOMERY,Property Damage Crash
MCP20160036,Montgomery County Police,Property Damage Crash
EJ7879003C,Gaithersburg Police Depar,Injury Crash
MCP2967004Y,Montgomery County Police,Property Damage Crash
MCP3348000Z,Montgomery County Police,Injury Crash
MCP302600BD,Montgomery County Police,Property Damage Crash
MCP2583003S,Montgomery County Police,Injury Crash
MCP3372001V,Montgomery County Police,Property Damage Crash
MCP3005007M,Montgomery County Police,Property Damage Crash
EJ786600CN,Gaithersburg Police Depar,Property Damage Crash
MCP3009006T,Montgomery County Police,Injury Crash
MCP3012000S,Montgomery County Police,Injury Crash
MCP32950034,Montgomery County Police,Property Damage Crash
DD5635004J,Rockville Police Departme,Property Damage Crash
MCP2361002W,Montgomery County Police,Property Damage Crash
MCP120500B8,Montgomery County Police,Property Damage Crash
MCP2962008G,Montgomery County Police,Property Damage Crash
EJ7872001R,Gaithersburg Police Depar,Injury Crash
MCP3136006J,Montgomery County Police,Property Damage Crash
